Asset_Subtype,Component_Name,Component_Type
10.5m Adepole combination mast arm,Pole Main,Main
10.5m Adepole combination mast arm,Wifi Supply Point,Main
10.5m Adepole combination pole,Pole Main,Main
10.5m Adepole combination pole,Wifi Supply Point,Main
10.5m combination,Pole Main,Main
10.5m combination,Wifi Supply Point,Main
10.5m combination mast arm,Pole Main,Main
10.5m combination mast arm,Wifi Supply Point,Main
10.5m combination mast arm(CMA),Pole Main,Main
10.5m combination mast arm(CMA),Wifi Supply Point,Main
100,Conduit,Main
2 x 100,Conduit,Main
3 quarters pole,Pole Main,Main
40,Cable,Main
40,Conduit,Main
50,Conduit,Main
7.0m Column,Pole,Main
80,Conduit,Main
96 Core,Fibre,Main
9m combination,Pole Main,Main
9m combination,Wifi Supply Point,Main
9m combination mast arm (CMA),Pole Main,Main
9m combination mast arm (CMA),Wifi Supply Point,Main
ACC Type 1 - Aluminium and Glass,Super Structure Main,Main
ACC Type 3 - Aggregate,Super Structure Main,Main
ACC Type 4 - Single Side Standard Length,Super Structure Main,Main
Accessible Junction Box,Stormwater Pit Main,Main
Accessible Ramp,Formation,04 Working Platform
Accessible Ramp,Pavement Base,02 Intermediate Course
Accessible Ramp,Surface,01 Wearing Course
Activity Hub,Softfall - Rubberised,Softfall
Adelaide Bridge Fixing,LE Light Pole,LE Light Pole
Adelaide Suite Style,Bollard Main,Main
Adshel - Non-advertising Single Side Double Length,Super Structure Main,Main
Adshel - Non-advertising Standard Solar,Super Structure Main,Main
Advisory Large Sign,Custom Sign Main,Main
Advisory Small Sign,Custom Sign Main,Main
Aerator,Aerator Main,Main
Arbour Structure,Other Structures Main,Main
Architectural Lighting Pole - 5.3m,LE Light Pole,LE Light Pole
Architectural Lighting Pole - 9.0m,LE Light Pole,LE Light Pole
Architectural Street Light,LE Luminaire,LE Luminaire
Architectural Street Light,LE Luminaire Cable,LE Luminaire Cable
Architectural Street Light,LE Luminaire Conduit,LE Luminaire Conduit
Art,Playground Equipment Main,Main
Art Rack,Bike Rack Main,Main
Artefact,Archives Main,Main
Attachment,Minor Plant Main,Main
Attachment,Miscellaneous Main,Main
Audio Tactile,Audio Tactile,Audio Tactile
Back Flow,Back Flow Main,Main
Back of Pole Light - Pendant,LE Luminaire,LE Luminaire
Back of Pole Light - Street Light,LE Luminaire,LE Luminaire
Back of Pole Light - Street Light - Prestige,LE Luminaire,LE Luminaire
Back of Pole Light - Traffic,LE Luminaire,LE Luminaire
Barrier Fencing,Fence Main,Main
Basketball Backboard,Other Structures Main,Main
Basketball Court - Acrylic Surface,Acrylic Surface,Main
Basketball Court - Acrylic Surface,Asphalt Layer,Main
Basketball Court - Acrylic Surface,Rubble Base,Main
Basketball Court - Asphalt Surface,Asphalt Layer,Main
Basketball Court - Asphalt Surface,Rubble Base,Main
Basketball Ring,Basketball Ring,Main
Bench,Picnic Table Main,Main
Bike Repair Station,Bike Rack Main,Main
Bike Trailer,Main,Main
Bin Mounted Directional Sign,Custom Sign Main,Main
Bin Stand,Bin Main,Main
Bio-retention,Basins Main,Main
BioSeparator,Main,Main
BMX Track,BMX Track - Advanced,Main
BMX Track,BMX Track - Intermediate,Main
BMX Track,BMX Track - Pump Track,Main
BMX Track - Beginner,BMX Track - Beginner,Main
Boat - Motor,Major Plant Main,Main
Boat Landing,Deck,Deck
Boat Landing,Sub-Structure Main,Sub-Structure Main
Boat Landing,Super Structure Main,Super Structure Main
Boat Ramp,Sub-Structure Main,Sub-Structure Main
Bollard,LE Light Pole,LE Light Pole
Bollard Fence Linked,Fence Main,Main
Bollard Fence Unlinked,Fence Main,Main
Bollard Lighting Switch,LE Bollard Lighting Switch,LE Bollard Lighting Switch
Bollards,Main,Main
Boom Gate,Main,Main
Boom Gate - Twin Lane,Gate Main,Main
Border,Seat Main,Main
Bows / Garlands,Main,Main
Box,Culvert Main,Culvert Main
Box,Culvert Main,Main
Box,Stormwater Drain Main,Main
Brace Arm Style,Gate Main,Main
Braced Steel Frame and Bars,Gate Lock,Ancillary
Braced Steel Frame and Bars,Gate Main,Main
Braced Timber Ranch Style,Gate Main,Main
Bracket Only,Bracket,Bracket
Brick Paver on Granular Pavement,01 Wearing Course,01 Wearing Course
Brick Paver on Granular Pavement,03 Base Course,03 Base Course
Bud Lighting,Luminaire,Luminaire
Building,Archives Main,Main
Building Identification Sign,Custom Sign Main,Main
Building Identification Sign Small,Custom Sign Main,Main
Bus Stop,Super Structure Main,Main
Business Sign Plinth Short,Custom Sign Main,Main
Butt-Out,Bin Main,Main
C-Bus System - Large,Lighting Control,Lighting Control
C-Bus System - Small,Lighting Control,Lighting Control
Cables and Conduits - Footpaths 29 core,Cable,Cable
Cables and Conduits - Footpaths 29 core,Conduit,Conduit
Cables and Conduits - Roads 63 core,Cable,Cable
Cables and Conduits - Roads 63 core,Conduit,Conduit
Cables and Conduits - Tramline 63 Core,Cable,Cable
Cables and Conduits - Tramline 63 Core,Conduit,Conduit
Cabling,Main,Main
Camera,Main,Main
Car Park Equipment,Main,Main
Caravan,Major Plant Main,Main
Carousels,Playground Equipment Main,Main
Carriageway,01 Wearing Course,01 Wearing Course
Carriageway,02 Intermediate Course,02 Intermediate Course
Carriageway,03 Base Course,03 Base Course
Catenary Downlight - Gouger Street,Catenary Luminaire,Catenary Luminaire
Catenary Downlight - Rundle Mall,Catenary Luminaire,Catenary Luminaire
Catenary Electrical Cabling - Gouger Street (16m per Light),Catenary Electrical Cabling,Catenary Electrical Cabling
Catenary Electrical Cabling - Rundle Mall (6m per Light),Catenary Electrical Cabling,Catenary Electrical Cabling
Catenary Festoon Lighting - Ebenezer Place,Catenary Linear Lighting,Catenary Linear Lighting
Catenary Festoon Lighting - Gresham Place,Catenary Linear Lighting,Catenary Linear Lighting
Catenary Festoon Lighting - O'Connell Street Laneway,Catenary Linear Lighting,Catenary Linear Lighting
Catenary Festoon Lighting - Peel Street,Catenary Linear Lighting,Catenary Linear Lighting
Catenary Festoon Lighting - Rundle Street,Catenary Linear Lighting,Catenary Linear Lighting
Catenary Festoon Lighting - Solomon Street,Catenary Linear Lighting,Catenary Linear Lighting
Catenary Festoon Lighting - Tavistock Lane,Catenary Linear Lighting,Catenary Linear Lighting
Catenary Festoon Lighting - Vardon Avenue,Catenary Linear Lighting,Catenary Linear Lighting
Catenary Festoon Lighting - Vaughan Place,Catenary Linear Lighting,Catenary Linear Lighting
Catenary Festoon Lighting - Victoria Sqaure - Across Lawn,Catenary Linear Lighting,Catenary Linear Lighting
Catenary Festoon Lighting - Victoria Square Arbour - East,Catenary Linear Lighting,Catenary Linear Lighting
Catenary Festoon Lighting - Victoria Square Arbour - West,Catenary Linear Lighting,Catenary Linear Lighting
Catenary Pole - Gouger Street,Catenary Pole,Catenary Pole
Catenary Pole - Gouger Street,Primary Luminaire,Luminaire
Catenary Pole - Rundle Mall,Catenary Pole,Catenary Pole
Catenary Pole - Rundle Mall,Primary Luminaire,Luminaire
Catenary Pole - Solomon Street,Catenary Pole,Catenary Pole
Catenary System - Ebenezer Place,Catenary System,Catenary System
Catenary System - Gouger Street,Catenary System,Catenary System
Catenary System - Gresham Place,Catenary System,Catenary System
Catenary System - O'Connell Street Laneway,Catenary System,Catenary System
Catenary System - Peel Street,Catenary System,Catenary System
Catenary System - Rundle Mall,Catenary System,Catenary System
Catenary System - Rundle Street,Catenary System,Catenary System
Catenary System - Solomon Street,Catenary System,Catenary System
Catenary System - Tavistock Lane,Catenary System,Catenary System
Catenary System - Vardon Avenue,Catenary System,Catenary System
Catenary System - Vaughan Place,Catenary System,Catenary System
Catenary System - Victoria Square - Across Lawn,Catenary System,Catenary System
CCTV Pole - Adepole 5m,LE CCTV Pole,LE CCTV Pole
CCTV Pole - Stepped Post Top 3.5m,LE CCTV Pole,LE CCTV Pole
Central Market Precinct,Electrical Services,Electrical
Central Market Precinct,Fire Services,Fire
Central Market Precinct,Fitout and Fittings,Fitout and Fittings
Central Market Precinct,Hydraulic Services,Hydraulics
Central Market Precinct,Mechanical Services,Mechanical
Central Market Precinct,Roof Structure,Roof
Central Market Precinct,Structure,Main
Central Market Precinct,Technology,Technology
Central Market Precinct,Vertical Transport Services,Transport Service
Chain,Gate Main,Main
Chambers,Main,Main
Chess Set - Concrete,Concrete Base,Main
Christmas Trees,Main,Main
Circular,Bike Rack Main,Main
Climber,Playground Equipment Main,Main
Clock,Archives Main,Main
Commercial Buildings,Electrical Services,Electrical
Commercial Buildings,Fire Services,Fire
Commercial Buildings,Fitout and Fittings,Fitout and Fittings
Commercial Buildings,Hydraulic Services,Hydraulics
Commercial Buildings,Mechanical Services,Mechanical
Commercial Buildings,Roof Structure,Roof
Commercial Buildings,Structure,Main
Commercial Buildings,Technology,Technology
Commercial Buildings,Vertical Transport Services,Transport Service
Comms - White,Cable,Main
Comms - White,CCTV Cable and Conduit,Main
Comms - White,Conduit,Main
Comms - White Spare,Conduit,Main
Communication Room,Main,Main
Community - Libraries and Community Halls,Electrical Services,Electrical
Community - Libraries and Community Halls,Fire Services,Fire
Community - Libraries and Community Halls,Fitout and Fittings,Fitout and Fittings
Community - Libraries and Community Halls,Hydraulic Services,Hydraulics
Community - Libraries and Community Halls,Mechanical Services,Mechanical
Community - Libraries and Community Halls,Roof Structure,Roof
Community - Libraries and Community Halls,Structure,Main
Community - Libraries and Community Halls,Technology,Technology
Community - Libraries and Community Halls,Vertical Transport Services,Transport Service
Community - Park Lands Businesses,Electrical Services,Electrical
Community - Park Lands Businesses,Fire Services,Fire
Community - Park Lands Businesses,Fitout and Fittings,Fitout and Fittings
Community - Park Lands Businesses,Hydraulic Services,Hydraulics
Community - Park Lands Businesses,Mechanical Services,Mechanical
Community - Park Lands Businesses,Roof Structure,Roof
Community - Park Lands Businesses,Structure,Main
Community - Park Lands Businesses,Vertical Transport Services,Transport Service
Community - Park Lands Sports Clubs and Grandstands,Electrical Services,Electrical
Community - Park Lands Sports Clubs and Grandstands,Fire Services,Fire
Community - Park Lands Sports Clubs and Grandstands,Fitout and Fittings,Fitout and Fittings
Community - Park Lands Sports Clubs and Grandstands,Hydraulic Services,Hydraulics
Community - Park Lands Sports Clubs and Grandstands,Mechanical Services,Mechanical
Community - Park Lands Sports Clubs and Grandstands,Roof Structure,Roof
Community - Park Lands Sports Clubs and Grandstands,Structure,Main
Community - Park Lands Sports Clubs and Grandstands,Technology,Technology
Community - Park Lands Sports Clubs and Grandstands,Vertical Transport Services,Transport Service
Compaction Equipment,Major Plant Main,Main
Compaction Equipment,Minor Plant Main,Main
Compressor,Major Plant Main,Main
Concrete,Planter Box Main,Main
Concrete and Mosaic,Planter Box Main,Main
Concrete Cylindrical,Bollard Main,Main
Concrete Mixer,Minor Plant Main,Main
Conduit - 100mm,SCAT Conduit,SCAT Conduit
Consumer Main,Cable,Main
Consumer Main,Conduit,Main
Containers,Main,Main
Controller,Controller and Valve,Main
Controller,Controller Main,Main
Controller,Irrigation Main,Main
Controller,Laterals,Main
Controller,Mainline,Main
Controller,Master Valve,Main
Copper Cable - 20 Pair,SCAT Cable,SCAT Cable
Copper Cable - 50 Pair,SCAT Cable,SCAT Cable
Corporation,Electrical Services,Electrical
Corporation,Fire Services,Fire
Corporation,Fitout and Fittings,Fitout and Fittings
Corporation,Hydraulic Services,Hydraulics
Corporation,Mechanical Services,Mechanical
Corporation,Roof Structure,Roof
Corporation,Structure,Main
Corporation,Technology,Technology
Creek,Creek Main,Main
Crib Wall,Retaining Wall Main,Main
Cricket Net,Cricket Net Main,Main
Cricket Pitch - Concrete,Concrete Base,Main
Crown Land,Crown Land,Main
Crown Land,Land,Main
Cultural,Custom Sign Main,Main
Culvert,Stormwater Drain Main,Main
Culvert Footbridge,Abutment / Wingwall 1,Wingwall
Culvert Footbridge,Abutments,Sub-Structure Other
Culvert Footbridge,Cross Beams/Floor Beams,Super Structure Other
Culvert Footbridge,Culvert No. 1,Culvert Main
Culvert Footbridge,Deck / Wearing Surface,01 Wearing Course
Culvert Footbridge,Handrails,Rail
Culvert Footbridge,Handrails 1,Rail
Culvert Footbridge,Headwall 1,Headwall
Culvert Footbridge,Open Girders,Super Structure Other
Culvert Footbridge,Span 1 Deck / Wearing Surface,Bridge Deck
Culvert Footbridge,Wearing Surface,01 Wearing Course
Curved,Drinking Fountain Main,Main
Custom Sign,Custom Sign Main,Main
Cycle Bollard,Custom Sign Main,Main
Cycle Detector-Induction,Detector Loop,Detector Loop
Cycle Directional Panel,Custom Sign Main,Main
CycleWay,Formation,04 Working Platform
CycleWay,Pavement Base,02 Intermediate Course
CycleWay,Surface,01 Wearing Course
Cyclist Push Button,Push Button,Push Button
D Pit,Pit Main,Main
Data,Main,Main
Decorative Lighting,Main,Main
Defibrillator,Defibrillator Main,Main
Detention,Basins Main,Main
Dining Furniture,Main,Main
Disk Storage,Main,Main
Display,Main,Main
Display Board - Portable,Major Plant Main,Main
Dog Dispenser,Bin Main,Main
Double Braced Steel,Gate Main,Main
Double Catchpit,Stormwater Pit Main,Main
Double D Pit,Pit Main,Main
Double Gatic,Pit Main,Main
Double Steel Bar,Gate Main,Main
Downlight,LE Luminaire,LE Luminaire
Downlight,LE Luminaire Cable,LE Luminaire Cable
Drain Cleaner,Minor Plant Main,Main
Drip in Line,Backflow,Backflow
Drip in Line,Backflow,Main
Drip in Line,Control Wire,Control Wire
Drip in Line,Controller,Control System
Drip in Line,Controller and Valve,Control System
Drip in Line,Controller and Valve,Controller and Valve
Drip in Line,Emitters,Emitters
Drip in Line,Emitters,Main
Drip in Line,Laterals,Laterals
Drip in Line,Mainline,Mainline
Drip in Line,Valves,Control System
Drum Roller,Major Plant Main,Main
Earth Retaining Structure,Anchor Wall,Anchor
Earth Retaining Structure,Erosion Protection Main,Main
Earth Retaining Structure,Piles,Pile
Earth Retaining Structure,Walling,Wall
ECUPS (8 Batteries),UPS,TS UPS
Electrical - Orange,Cable,Main
Electrical - Orange,Conduit,Main
Electrical - Orange Spare,Conduit,Main
Emulsion Sprayer - Skid Mounted,Major Plant Main,Main
Enclosure,Bin Main,Main
Energy Absorbing,Bollard Main,Main
Energy Dissipation,Erosion Protection Main,Main
Entry/Exit,Main,Main
Ephemera,Archives Main,Main
Erosion Protection,Anchor Wall,Main
Erosion Protection,Erosion Protection Main,Main
Erosion Protection,Main,Main
Excavator,Major Plant Main,Main
Fan,Main,Main
Fast Charging Table,Main,Main
Festoon Light,Luminaire,Luminaire
Film Reader,Main,Main
Fingerboard,Custom Sign Main,Main
Firewall,Main,Main
Fitness Station,Playground Equipment Main,Main
Fitness Station,Softfall - Rubberised,Softfall
Fixed,Seat Main,Main
Flat Top,Picnic Table Main,Main
Floodlight,Catenary Pole,Catenary Pole
Floodlight,LE Luminaire,LE Luminaire
Floodlight,Primary Luminaire,Luminaire
Floodlight - Adelaide Bridge,LE Luminaire,LE Luminaire
Floodlight - Adelaide Bridge,LE Luminaire Cable,LE Luminaire Cable
Floodlight - Church,LE Luminaire,LE Luminaire
Floodlight - Church,LE Luminaire Cable,LE Luminaire Cable
Floodlight - Church,LE Luminaire Conduit,LE Luminaire Conduit
Floodlight - Directional,LE Luminaire,LE Luminaire
Floodlight - Sports Field,LE Luminaire,LE Luminaire
Floodlight - Sports Field,LE Luminaire Cable,LE Luminaire Cable
Floodlight - Sports Field,LE Luminaire Conduit,LE Luminaire Conduit
Floodlight - Sports Field,Luminaire,Luminaire
Floodlight Pole,LE Light Pole,LE Light Pole
Floodlight Tower - 12m,LE Light Pole,LE Light Pole
Floodlight Tower - 18m,LE Light Pole,LE Light Pole
Floodlight Tower - 32m,Pole,Main
Floodlight Tower - 32m,Primary Bracket,Bracket
Floor Drain,Stormwater Pit Main,Main
Flush Kerb,Kerb Main,Main
Folding Machine,Main,Main
Football Goal Posts,Football Goal Posts,Main
Forklift,Major Plant Main,Main
Fountain,Archives Main,Main
Free Standing,Seat Main,Main
Fuel Tanks,Main,Main
Furniture,Archives Main,Main
Furniture,Playground Equipment Main,Main
Fuse Pit,LE Lighting Pit,LE Lighting Pit
Fuse Pit,Main,Main
Fuse Pit,Pit Main,Main
Fuse Pit,Pod,Main
Fuse Pit - TBC,LE Lighting Pit,LE Lighting Pit
Gabion Basket Wall,Retaining Wall Main,Main
Galvanised Pipe,Conduit,Main
Garment,Archives Main,Main
Garment,Main,Main
Gateway,Main,Main
Gateway Sign,Custom Sign Main,Main
General,Main,Main
General,Playground Equipment Main,Main
Generator - Fixed,Major Plant Main,Main
Generator - Portable,Minor Plant Main,Main
Gold/Silver,Archives Main,Main
Golf Cart,Light Fleet Main,Main
Golf Equipment,Main,Main
Golf Greens - Turf Surface,Turf Surface,Main
Gross Pollutant Trap,Access Ladders,Main
Gross Pollutant Trap,Access Lids,Main
Gross Pollutant Trap,Baskets/Net,Main
Gross Pollutant Trap,Concrete Structure,Main
Gross Pollutant Trap,GPT Baffle System,Main
Gross Pollutant Trap,GPT Screens,Main
Gross Pollutant Trap,Gross Pollutant Trap Main,Main
Gross Pollutant Trap,Trash Racks,Main
Gum Remover,Minor Plant Main,Main
Handrail,Fence Main,Main
Handrail,Other Structures Main,Main
"Hanging Fingerboard Sign, Topham Mall",Custom Sign Main,Main
Headwall,Headwall Main,Main
Hedge,Garden Bed Main,Main
Heritage Shelter,Super Structure Main,Main
Heritage Style Acorn,Bollard Main,Main
Heritage Style Post Top Light,LE Luminaire,LE Luminaire
Heritage Style Post Top Light,LE Luminaire Cable,LE Luminaire Cable
Heritage Style Post Top Light,LE Luminaire Conduit,LE Luminaire Conduit
Heritage Style Post Top Pole,LE Light Pole,LE Light Pole
Heritage Style Post Top Pole,Pole,Main
Heritage Style Street Lighting Pole,LE Light Pole,LE Light Pole
Hoist,Major Plant Main,Main
Hoist - Scissor,Major Plant Main,Main
Hubs,Main,Main
Ice Maker,Major Plant Main,Main
ICUPS (2 Batteries),UPS,TS UPS
Inaccessible Junction Box,Stormwater Pit Main,Main
IndigoVision PTZ,CCTV Camera,Main
Informal Path,Formation,04 Working Platform
Informal Path,Pavement Base,02 Intermediate Course
Informal Path,Surface,01 Wearing Course
Information,Custom Sign Main,Main
Information Desk,Main,Main
Inlet,Stormwater Drain Main,Main
Inlet Pit,Lid,Lid
Inlet Pit,Stormwater Pit Main,Main
Intercom Equipment,Main,Main
Interpretive Large Sign,Custom Sign Main,Main
Interpretive Sign (Post Mounted),Custom Sign Main,Main
Investment Properties,Electrical Services,Electrical
Investment Properties,Fire Services,Fire
Investment Properties,Fitout and Fittings,Fitout and Fittings
Investment Properties,Hydraulic Services,Hydraulics
Investment Properties,Mechanical Services,Mechanical
Investment Properties,Roof Structure,Roof
Investment Properties,Structure,Main
Investment Properties,Vertical Transport Services,Transport Service
Irrigation,Back Flow Main,Main
Irrigation,Backflow,Backflow
Irrigation,Backflow,Main
Irrigation,Control Wire,Control Wire
Irrigation,Control wire,Main
Irrigation,Controller,Control System
Irrigation,Controller,Main
Irrigation,Controller and Valve,Control System
Irrigation,Controller and Valve,Controller and Valve
Irrigation,Controller and Valve,Main
Irrigation,Emitters,Emitters
Irrigation,Emitters,Main
Irrigation,Irrigation Main,Main
Irrigation,Laterals,Laterals
Irrigation,Laterals,Main
Irrigation,Mainline,Main
Irrigation,Mainline,Mainline
Irrigation,Valves,Control System
Irrigation,Valves,Main
Irrigation Parkland Space,Control Wire,Control Wire
Irrigation Parkland Space,Controller,Control System
Irrigation Parkland Space,Controller,Main
Irrigation Parkland Space,Emitters,Emitters
Irrigation Parkland Space,Irrigation Main,Main
Irrigation Parkland Space,Laterals,Laterals
Irrigation Parkland Space,Mainline,Mainline
Irrigation Parkland Space,Valves,Control System
Jnr Balance Rope,Playground Equipment Main,Main
Jnr Climber Poles,Playground Equipment Main,Main
Jnr Rope Unit,Playground Equipment Main,Main
Jnr See Saw,Playground Equipment Main,Main
Jnr Spring Rocker,Playground Equipment Main,Main
Jnr Step Poles,Playground Equipment Main,Main
Join Pit,LE Lighting Pit,LE Lighting Pit
Join Pit,Main,Main
Join Pit,Pit Main,Main
Join Pit,SCAT Join Pit,SCAT Join Pit
Junction Box,Inspection Opening,Main
Junction Box,Lid,Lid
Junction Box,Stormwater Pit Main,Main
JVH Kiato,Super Structure Main,Main
Kerb,Kerb Main,Main
Kerb and Water Table,Kerb Main,Main
Kitchen,Main,Main
Land,Land,Main
Laptop,Main,Main
Large (>1500mm x 2000mm),Planter Box Main,Main
Large Memorial,Artwork Lighting Main,Main
Large Memorial,Artwork Main,Main
Leased Building,Electrical Services,Electrical
Leased Building,Fire Services,Fire
Leased Building,Fitout and Fittings,Fitout and Fittings
Leased Building,Hydraulic Services,Hydraulics
Leased Building,Mechanical Services,Mechanical
Leased Building,Roof Structure,Roof
Leased Building,Structure,Main
Leased Building,Technology,Technology
Leased Building,Vertical Transport Services,Transport Service
LED,Bracket,Bracket
LED,LE Luminaire,LE Luminaire
LED,Luminaire,Luminaire
LED,Primary Luminaire,Luminaire
LED Strip,LE Luminaire,LE Luminaire
Library Equipment,Main,Main
Light Bollard,LE Luminaire,LE Luminaire
Light Bollard,LE Luminaire Cable,LE Luminaire Cable
Light Bollard,LE Luminaire Conduit,LE Luminaire Conduit
"Light Box Panel, Topham Mall",Custom Sign Main,Main
Lighting Panel,Lighting Control,Lighting Control
Linemarking Equipment,Minor Plant Main,Main
Loader,Major Plant Main,Main
"Long Panel Directional, Topham Mall",Custom Sign Main,Main
Low Gardens Retaining Wall,Retaining Wall Main,Main
Macadam Pavement (High Volume),01 Wearing Course,01 Wearing Course
Macadam Pavement (High Volume),02 Intermediate Course,02 Intermediate Course
Macadam Pavement (High Volume),03 Base Course,03 Base Course
Macadam Pavement (High Volume),04 Working Platform,04 Working Platform
Macadam Pavement (Low Volume),01 Wearing Course,01 Wearing Course
Macadam Pavement (Low Volume),02 Intermediate Course,02 Intermediate Course
Macadam Pavement (Low Volume),03 Base Course,03 Base Course
Main,Pipe Main,Main
Main,Stormwater Drain Main,Lid
Main,Stormwater Drain Main,Main
Main Switchboard - Above Ground - Large,LE Main Switchboard - Above Ground - Large,LE Main Switchboard - Above Ground - Large
Main Switchboard - Above Ground - Medium,LE Main Switchboard - Above Ground - Medium,LE Main Switchboard - Above Ground - Medium
Main Switchboard - Above Ground - Size TBC,LE Main Switchboard - Above Ground - Size TBC,LE Main Switchboard - Above Ground - Size TBC
Main Switchboard - Above Ground - Small,LE Main Switchboard - Above Ground - Small,LE Main Switchboard - Above Ground - Small
Main Switchboard - Above Ground - Victoria Square - Large,LE Main Switchboard - Above Ground - Victoria Square - Large,LE Main Switchboard - Above Ground - Victoria Square - Large
Main Switchboard - Below Ground,LE Main Switchboard - Below Ground,LE Main Switchboard - Below Ground
Main Switchboard - Wall Mounted - Small,LE Main Switchboard - Wall Mounted - Small,LE Main Switchboard - Wall Mounted - Small
Mains BBQ,BBQ Main,Main
Mains BBQ,Power Outlet Main,Ancillary
Major Footbridge,Abutment,Sub-Structure Other
Major Footbridge,Abutments,Sub-Structure Other
Major Footbridge,Batter Protection,Sub-Structure Other
Major Footbridge,Bearings,Super Structure Other
Major Footbridge,Bridge Footpath,Bridge Footpath
Major Footbridge,Bridge Railing,Rail
Major Footbridge,Column or Piles,Sub-Structure Other
Major Footbridge,Cross Bracing,Super Structure Other
Major Footbridge,Deck / Slab,Bridge Deck
Major Footbridge,Deck Joints,Super Structure Other
Major Footbridge,Deck Joints - Abutment Joint,Super Structure Other
Major Footbridge,Deck Joints - Sliding Joint,Super Structure Other
Major Footbridge,Deck Joints2,Super Structure Other
Major Footbridge,Deck Slab,Bridge Deck
Major Footbridge,Deck Truss,Super Structure Other
Major Footbridge,Girder Cladding,Super Structure Other
Major Footbridge,Handrails,Rail
Major Footbridge,Open Girders,Super Structure Other
Major Footbridge,Pier Protection,Sub-Structure Other
Major Footbridge,Piers,Sub-Structure Other
Major Footbridge,Pile Caps,Sub-Structure Other
Major Footbridge,Precast Girders,Super Structure Other
Major Footbridge,Stringers,Super Structure Other
Major Footbridge,Wearing Surface,01 Wearing Course
Major Footbridge,Wingwall/Retaining Wall,Wingwall
Mall Decorations,Main,Main
Map,Archives Main,Main
Marquette,Archives Main,Main
Mast arm Pole,Pole Main,Main
Medal(s),Archives Main,Main
Medals,Archives Main,Main
Median Island,Kerb Main,Main
Medium (<=1500mm x 2000mm),Planter Box Main,Main
Meeting Room Equipment,Main,Main
Memorial,Archives Main,Main
Memorial,Drinking Fountain Main,Main
Mercury Vapour,LE Luminaire,LE Luminaire
Metal Halide,LE Luminaire,LE Luminaire
Metered,People Movement Sensor,Main
MetroLite,Parking Machine Main,Main
MIMS Wiring on Structure,Cable,Main
MIMS Wiring on Structure,Conduit,Main
Minor Footbridge,Abutment / Wingwall 1,Wingwall
Minor Footbridge,Abutment 1,Sub-Structure Other
Minor Footbridge,Abutment 2,Sub-Structure Other
Minor Footbridge,Abutments,Sub-Structure Other
Minor Footbridge,Apron,Super Structure Other
Minor Footbridge,Arches,Super Structure Other
Minor Footbridge,Batter Protection,Sub-Structure Other
Minor Footbridge,Batter Protection 1,Sub-Structure Other
Minor Footbridge,Batter Protection 2,Sub-Structure Other
Minor Footbridge,Cross Beams/Floor Beams,Super Structure Other
Minor Footbridge,Cross Bracing,Super Structure Other
Minor Footbridge,Culvert,Culvert Main
Minor Footbridge,Deck / Slab,Bridge Deck
Minor Footbridge,Deck / Wearing Surface,01 Wearing Course
Minor Footbridge,Handrails,Rail
Minor Footbridge,Handrails 1,Rail
Minor Footbridge,Headwalls/Wingwalls,Sub-Structure Other
Minor Footbridge,Kerb,Kerb
Minor Footbridge,Open Girders,Super Structure Other
Minor Footbridge,Outlet Protection,Sub-Structure Other
Minor Footbridge,Piers,Sub-Structure Other
Minor Footbridge,Primary Beams or Trusses,Super Structure Other
Minor Footbridge,Secondary Beams or Joists,Super Structure Other
Minor Footbridge,Span 1 Arch 1,Super Structure Other
Minor Footbridge,Span 1 Deck / Slab,Bridge Deck
Minor Footbridge,Span 1 Deck / Wearing Surface,Bridge Deck
Minor Footbridge,Span 1 Deck/Slab,Bridge Deck
Minor Footbridge,Span 1 Handrails 1,Rail
Minor Footbridge,Span 1 Handrails 2,Rail
Minor Footbridge,Span 1 Primary Beams or Trusses,Super Structure Other
Minor Footbridge,Span 1 Primary Beams or Trusses 1,Super Structure Other
Minor Footbridge,Span 1 Secondary Beams or Joists,Super Structure Other
Minor Footbridge,Span 1-3 Deck / Slab,Bridge Deck
Minor Footbridge,Span 1-3 Kerb 1,Kerb
Minor Footbridge,Span 1-3 Primary Beams or Trusses,Super Structure Other
Minor Footbridge,Span 1-3 Secondary Beams or Joists,Super Structure Other
Minor Footbridge,Span 1-4 Deck / Slab,Bridge Deck
Minor Footbridge,Span 1-4 Primary Beams or Trusses,Super Structure Other
Minor Footbridge,Span 1-4 Secondary Beams or Joists,Super Structure Other
Minor Footbridge,Span 1-5  Primary Beams or Trusses,Super Structure Other
Minor Footbridge,Span 1-5 Deck / Slab,Bridge Deck
Minor Footbridge,Span 1-5 Handrails 1,Rail
Minor Footbridge,Span 1-5 Secondary Beams or Joists,Super Structure Other
Minor Footbridge,Stringers,Super Structure Other
Minor Footbridge,Wearing Surface,01 Wearing Course
Minor Footbridge,Wingwall/Retaining Wall,Wingwall
Minor Weir,Low Flow Bypass,Koala Crossing Lights
Minor Weir,North Access Barrier,Koala Crossing Lights
Minor Weir,North Access Stairs,Stairs
Minor Weir,North Rock Batter,Koala Crossing Lights
Minor Weir,South Access Barrier,Koala Crossing Lights
Minor Weir,South Access Stairs,Stairs
Minor Weir,South Rock Batter,Koala Crossing Lights
Minor Weir,Weir Structure,Main
Miscellaneous,Archives Main,Main
Miscellaneous,Christmas Tree Decoration,Ancillary
Miscellaneous,Christmas Tree Lights,Ancillary
Miscellaneous,Christmas Tree Main,Main
Miscellaneous,Miscellaneous Main,Main
Mobile Items,Main,Main
Mobile Phone,Main,Main
Monitor,Main,Main
Monograph,Archives Main,Main
Motorcycle,Light Fleet Main,Main
Mountable Kerb,Kerb Main,Main
Mountable Kerb and Water Table,Kerb Main,Main
Mower,Major Plant Main,Main
Mower - Hand,Minor Plant Main,Main
Multipurpose,Playground Equipment Main,Main
Multipurpose Court - Acrylic Surface,Acrylic Surface,Main
Multipurpose Court - Acrylic Surface,Asphalt Layer,Main
Multipurpose Court - Acrylic Surface,Rubble Base,Main
Multipurpose Court - Asphalt Surface,Asphalt Layer,Main
Multipurpose Court - Asphalt Surface,Rubble Base,Main
Musical,Main,Main
Native,Garden Bed Main,Main
Netball Court - Acrylic Surface,Acrylic Surface,Main
Netball Court - Acrylic Surface,Asphalt Layer,Main
Netball Court - Acrylic Surface,Rubble Base,Main
Netball Ring,Netball Ring,Main
Network Assets,Main,Main
Network Switch,Main,Main
Non Potable Water Pit,Holding Tank,Main
Non Potable Water Pit,Lockable Isolation Valve,Main
Non Potable Water Pit,Smart Water Meter,Main
Nonremovable,Bollard Main,Main
Official,Flag Pole Main,Main
On Prem,Main,Main
On Street Electric Vehicle Charging Station - Free Stand,Electric Vehicle Charging Station,Main
On Street Electric Vehicle Charging Station - Free Stand,On Street Electric Vehicle Charging Station - Free Stand,On Street Electric Vehicle Charging Station - Free Stand
On Street Electric Vehicle Charging Station - Wall Mounted,Electric Vehicle Charging Station,Main
On Street Electric Vehicle Charging Station - Wall Mounted,On Street Electric Vehicle Charging Station - Wall Mounted,On Street Electric Vehicle Charging Station - Wall Mounted
Open Channels,Open Channel Main,Main
Open Channels,Open Channels Main,Main
Optical Fibre,Main,Main
Ornamental Stream,Concrete Base,Main
Other Decorations,Main,Main
P1,Pit Main,Main
P2,Pit Main,Main
P3,Pit Main,Main
P4,Pit Main,Main
P5,Pit Main,Main
P6,Pit Main,Main
P7,Pit Main,Main
P8,Pit Main,Main
Painting,Archives Main,Main
Painting,Main,Main
Park Lands  / Squares Decorations,Main,Main
Park Lands Plinth,Custom Sign Main,Main
Park Tree,Tree Main,Main
Passenger Shuttle,Light Fleet Main,Main
Pedestrian,Footpaths Main,Main
Pedestrian,Formation,04 Working Platform
Pedestrian,Pavement Base,02 Intermediate Course
Pedestrian,Surface,01 Wearing Course
Pedestrian Panel,Custom Sign Main,Main
Pedestrian Refuge,Kerb Main,Main
Pelco S5220-EG1,CCTV Camera,Main
Pelco S5220-EG1-X,CCTV Camera,Main
Pelco S6230-EG1,CCTV Camera,Main
Pelco S6230-EGL1,CCTV Camera,Main
Pelco S7230L-EW1,CCTV Camera,Main
Pelco S7230L-EW1,Wifi Supply Point,Main
PelcoIXP21,CCTV Camera,Main
Pendant,LE Luminaire,LE Luminaire
Pendant,LE Luminaire Cable,LE Luminaire Cable
People Counter,Main,Main
Perennials,Garden Bed Main,Main
Pergola,Other Structures Main,Main
Personnel Lifter,Minor Plant Main,Main
Petanque - Gravel Surface,Gravel Surface,Main
PIO,Main,Main
Pipe,Culvert Main,Main
Pipe Connection Point,Connection Main,Main
Pipe-Main,Pipe Main,Main
Plain Tubular Steel,Bollard Main,Main
Plaque,Archives Main,Main
Platform,Other Structures Main,Main
Playground,Softfall - Rubberised,Main
Playground,Softfall - Rubberised,Softfall
Playground,Softfall - Woodchip,Softfall
Pole Box,Custom Sign Main,Main
Pole Box (Cycle),Custom Sign Main,Main
Pole Box with a Custom Pole,Custom Sign Main,Main
Pole Mounted Directional Sign,Custom Sign Main,Main
Portrait,Archives Main,Main
Post,Drinking Fountain Main,Main
Post Top Light - City Streets,LE Luminaire,LE Luminaire
Post Top Light - City Streets,LE Luminaire Cable,LE Luminaire Cable
Post Top Light - City Streets,LE Luminaire Conduit,LE Luminaire Conduit
Post Top Light - Park Lands,LE Luminaire,LE Luminaire
Post Top Light - Park Lands,LE Luminaire Cable,LE Luminaire Cable
Post Top Light - Park Lands,LE Luminaire Conduit,LE Luminaire Conduit
Post Top Light - Pendant,LE Luminaire,LE Luminaire
Post Top Light - Pendant,LE Luminaire Cable,LE Luminaire Cable
Post Top Light - Pendant,LE Luminaire Conduit,LE Luminaire Conduit
Post Top Light - Wall Mounted,LE Luminaire,LE Luminaire
Post Top Light - Wall Mounted,LE Luminaire Cable,LE Luminaire Cable
Post Top Light - Wall Mounted,Luminaire,Luminaire
Post Top Pole - City Streets,LE Light Pole,LE Light Pole
Post Top Pole - Park Lands,LE Light Pole,LE Light Pole
Post Top Pole - Park Lands,Pole,Main
Potable Water Pit,Lockable Isolation Valve,Main
Potable Water Pit,Pit Main,Main
Potable Water Pit,Smart Water Meter,Main
Potable Water Pit,Vent Pipe,Main
Potable Water Pit,Vent Pt Main,Main
Power Bollard - Above Ground,LE Power Bollard - Above Ground,LE Power Bollard - Above Ground
Power Outlet,LE Power Outlet,LE Power Outlet
Power Outlet,Power Outlet Main,Main
Power Tool,Minor Plant Main,Main
Pressure Cleaner,Minor Plant Main,Main
Print,Archives Main,Main
Print,Main,Main
Printer/MFD,Main,Main
Projector,LE Luminaire,LE Luminaire
Projector,LE Luminaire Cable,LE Luminaire Cable
Projector,LE Luminaire Conduit,LE Luminaire Conduit
Projector,Main,Main
Property Connection,Connection Main,Main
Public Arts,Artistic Pavement Marking,Main
Public Arts,Artwork Lighting Main,Main
Public Arts,Artwork Main,Main
Public Conveniences,Electrical Services,Electrical
Public Conveniences,Fire Services,Fire
Public Conveniences,Fitout and Fittings,Fitout and Fittings
Public Conveniences,Hydraulic Services,Hydraulics
Public Conveniences,Mechanical Services,Mechanical
Public Conveniences,Roof Structure,Roof
Public Conveniences,Structure,Main
Public Conveniences,Structure,Structure
Pull Through,Pit Main,Main
Pull Through Pit,LE Lighting Pit,LE Lighting Pit
Pull Through Pit,Pit Main,Main
Pump,Holding Tank,Main
Pump,Minor Plant Main,Main
Pump,Pump Main,Main
Pump,Pump Station Main,Main
Pump,Valve Main,Main
Pump Station,Pump Main,Main
Pump Station,Pump Station Main,Main
Push Button,Pole Main,Main
Push Button Pole,Push Button,Push Button
Push Button Shared Pole,Push Button,Push Button
Recycle Bin,Bin Main,Main
Refill,Drinking Fountain Main,Main
Removable,Bollard Main,Main
Retaining Wall,Retaining Wall Main,Main
Retention Tank,Retention Tank Main,Main
Retractable,Bollard Main,Main
Retractable,Hydrolic System,Main
Rigid Concrete Pavement,01 Wearing Course,01 Wearing Course
Rigid Concrete Pavement,04 Working Platform,04 Working Platform
Rising Main,Sewer Pipe Main,Main
Road Bridge,Abutment,Sub-Structure Other
Road Bridge,Anti-throw screen,Super Structure Other
Road Bridge,Arches,Super Structure Other
Road Bridge,Batter Protection,Sub-Structure Other
Road Bridge,Bearings,Super Structure Other
Road Bridge,Box Girders,Super Structure Other
Road Bridge,Bridge Footpath,Bridge Footpath
Road Bridge,Bridge Kerbs,Kerb
Road Bridge,Bridge Railing,Rail
Road Bridge,Cable Tray Screens,Super Structure Other
Road Bridge,Column or Piles,Sub-Structure Other
Road Bridge,Cross Beams/Floor Beams,Super Structure Other
Road Bridge,Cross Bracing,Super Structure Other
Road Bridge,Deck Joints,Super Structure Other
Road Bridge,Deck Joints - Compression Joint Seal,Super Structure Other
Road Bridge,Deck Joints - Expansion Joint,Super Structure Other
Road Bridge,Deck Joints - Finger Joint,Super Structure Other
Road Bridge,Deck Slab,Bridge Deck
Road Bridge,Headstocks,Super Structure Other
Road Bridge,Open Girders,Super Structure Other
Road Bridge,Pier wall,Super Structure Other
Road Bridge,Stringers,Super Structure Other
Road Bridge,Wearing Surface on Deck,01 Wearing Course
Road Bridge,Wingwall/Retaining Wall,Wingwall
Rock Pool,Rock Pool,Main
Rock Rip-Rap,Open Channel Main,Main
Rock Rip-Rap with Geofabric,Open Channel Main,Main
Rocking Equipment,Playground Equipment Main,Main
Roses,Garden Bed Main,Main
Rotunda,Other Structures Main,Main
Roundabout,Kerb Main,Main
S Pit,Pit Main,Main
Safety Fencing,Fence Main,Main
Sandstone,Planter Box Main,Main
Sanitary Drainage,Pipe Main,Main
Sanitary Drainage,Sanitary Drainage Main,Main
Scanner,Main,Main
Sculpture,Archives Main,Main
Sealed,03 Base Course,03 Base Course
Sedan,Light Fleet Main,Main
Seeder,Major Plant Main,Main
Sensor,Main,Main
Server,Main,Main
Shade Sail,Pole,Main
Shade Sail,Shade Cloth,Ancillary
Shared Use Path,Formation,04 Working Platform
Shared Use Path,Pavement Base,02 Intermediate Course
Shared Use Path,Surface,01 Wearing Course
Shelter,Other Structures Main,Main
"Short Panel Directional, Topham Mall",Custom Sign Main,Main
Single,Access Ramp Main,Main
Single Bar,Gate Main,Main
Single Gatic,Pit Main,Main
Single Timber Rail,Gate Main,Main
Site Hut,Major Plant Main,Main
Site Identification Directional Sign,Custom Sign Main,Main
Site Identification Mapped Sign,Custom Sign Main,Main
Site Identification Regulatory,Custom Sign Main,Main
Skate Park,Concrete Base,Main
Skate Park,Concrete Surface,Main
Skate Park,Rubble Base,Main
Skatepark - Concrete Surface,Concrete Surface,Main
Skatepark Equipment,Skatepark Equipment,Main
Slab Lifter,Minor Plant Main,Main
Slides,Playground Equipment Main,Main
Small (<=1000mm x 1500mm),Planter Box Main,Main
Small Memorial,Artwork Lighting Main,Main
Small Memorial,Artwork Main,Main
Smart Pole,LE Light Pole,LE Light Pole
SmartSpot,Smart Eye Sensor,Main
SmartSpot,Smart Parking,Main
Soccer Goals,Soccer Goal,Main
Solar Bin,Bin Main,Main
Spatial Networks,Equipment Main,Main
Spatial Networks,Playground Equipment Main,Main
Splitter,Kerb Main,Main
Spoon Drain,Kerb Main,Main
Sports,Playground Equipment Main,Main
Spot Light,LE Luminaire,LE Luminaire
Spreader,Miscellaneous Main,Main
Staging,Main,Main
Stairs,Formation,04 Working Platform
Stairs,Pavement Base,02 Intermediate Course
Stairs,Surface,01 Wearing Course
Standard 4.4m,Pole Main,Main
Standard 4.4m,Wifi Supply Point,Main
Standard Litter Bin,Bin Main,Main
Station Wagon,Light Fleet Main,Main
Statue,Archives Main,Main
Steel,Planter Box Main,Main
Steel Frame and Cyclone Mesh,Gate Main,Main
Steel Frame and Mesh Insert,Gate Main,Main
Steel Frame and Vert Bar,Gate Main,Main
Steel Rail,Bike Rack Main,Main
Steel Slot,Bike Rack Main,Main
Steel Truss Style,Gate Main,Main
Steel With Fluted Top,Bollard Main,Main
Stepped Post Top,Pole,Main
Stepped Post Top Pole - Adepole 5.0m,LE Light Pole,LE Light Pole
Stepped Post Top Pole - City Streets,LE Light Pole,LE Light Pole
Stepped Post Top Pole - City Streets,Pole,Main
Stepped Post Top Pole - Park Lands,LE Light Pole,LE Light Pole
Stone Paver on Rigid Concrete Pavement,01 Wearing Course,01 Wearing Course
Stone Paver on Rigid Concrete Pavement,03 Base Course,03 Base Course
Stone Paver on Rigid Concrete Pavement,04 Working Platform,04 Working Platform
Storage compound,Main,Main
Stratacell,Stratacell Main,Main
Street Decorations,Main,Main
Street Light,LE Luminaire,LE Luminaire
Street Light,LE Luminaire Cable,LE Luminaire Cable
Street Light,LE Luminaire Conduit,LE Luminaire Conduit
Street Light,Luminaire,Luminaire
Street Light,Primary Luminaire,Luminaire
Street Light,Secondary Luminaire,Luminaire
Street Light - Pendant,LE Luminaire,LE Luminaire
Street Light - Pendant,LE Luminaire Cable,LE Luminaire Cable
Street Light - Pendant,LE Luminaire Conduit,LE Luminaire Conduit
Street Light - PLC Light on SAPN Pole,LE Luminaire,LE Luminaire
Street Light - Prestige,LE Luminaire,LE Luminaire
Street Light - Prestige,LE Luminaire Cable,LE Luminaire Cable
Street Light - Prestige,LE Luminaire Conduit,LE Luminaire Conduit
Street Light - Solar,LE Luminaire,LE Luminaire
Street Light - Traffic,LE Luminaire,LE Luminaire
Street Light - Traffic,Luminaire,Luminaire
Street Light - Traffic,Primary Luminaire,Luminaire
Street Light - Wall Mounted,LE Luminaire,LE Luminaire
Street Light - Wall Mounted,LE Luminaire Cable,LE Luminaire Cable
Street Light Bracket  - 3m Outreach (Tram Corridor),LE Light Pole Bracket,LE Light Pole Bracket
Street Light Pole - 10.5m,LE Light Pole,LE Light Pole
Street Light Pole - 4.5m,LE Light Pole,LE Light Pole
Street Light Pole - 6.5m,LE Light Pole,LE Light Pole
Street Light Pole - 6.5m,Pole,Main
Street Light Pole - 9.5m,LE Light Pole,LE Light Pole
Street Light Pole - 9.5m,Pole,Main
Street Light Pole - Adepole - 10.5m,LE Light Pole,LE Light Pole
Street Light Pole - Dual Outreach,LE Light Pole,LE Light Pole
Street Light Pole - Dual Outreach - Heritage Style,LE Light Pole,LE Light Pole
Street Light Pole - Jeffcott Catenary Style,LE Light Pole,LE Light Pole
Street Light Pole - Solar,LE Light Pole,LE Light Pole
Street Tree,Tree Base Treatment,Ancillary
Street Tree,Tree grate,Ancillary
Street Tree,Tree Main,Main
Street Tree,Tree Pit,Main
Street Tree,Tree Surround,Ancillary
StripDrain,Stormwater Drain Main,Main
Sub-board,Above Ground Switchboard,Main
SubSurface,Stormwater Drain Main,Main
Suction Sweeper,Heavy Fleet Main,Main
Swale,Open Channel Main,Main
Swale,Open Channels Main,Main
Swale,Swale Main,Main
Sweeper/Scrubber,Major Plant Main,Main
Swings,Playground Equipment Main,Main
Tables/Chairs,Main,Main
Tablets,Main,Main
Tactile Play,Playground Equipment Main,Main
Telstra Style Steel Pit,Pit Main,Main
Tennis Court - Acrylic Surface,Acrylic Surface,Main
Tennis Court - Acrylic Surface,Asphalt Layer,Main
Tennis Court - Acrylic Surface,Rubble Base,Main
Tennis Court - Synthetic Turf Surface,Rubble Base,Main
Tennis Court - Synthetic Turf Surface,Synthetic Turf,Main
Tennis Court - Turf Surface,Turf Surface,Main
Tennis Net,Tennis Net,Main
Tennis Net and Posts,Other Structures Main,Main
Ticket Box,Major Plant Main,Main
Ticket Machines,Main,Main
Top Dresser,Miscellaneous Main,Main
Torrens River Weir,Apron,Apron
Torrens River Weir,Control System Hardware,Ancillary
Torrens River Weir,Downstream Cribbing Structure,Structure
Torrens River Weir,Gate,Koala Crossing Lights
Torrens River Weir,Gate Super Structure,Super Structure Other
Torrens River Weir,Gate Support Structure Access Steelwork,Support
Torrens River Weir,North Abutment,Abutment
Torrens River Weir,North Downstream Retaining Wall,Retaining Wall Main
Torrens River Weir,North Downstream Weir Wall,Main
Torrens River Weir,Pier Wall,Main
Torrens River Weir,Public Access Walkway Decking,Deck
Torrens River Weir,Public Access Walkway Super Structure,Super Structure Other
Torrens River Weir,South Abutment,Abutment
Torrens River Weir,South Downstream Retaining Wall,Retaining Wall Main
Torrens River Weir,South Downstream Weir Wall,Main
Torrens River Weir,Stop Log Gated Access Walkway Super Structure,Super Structure Other
Torrens River Weir,Stop Log Gated Access Walkway Support Frame,Support
Torrens River Weir,Stop Log Gated Decking,Deck
Torrens Weir Fixing,LE Light Pole,LE Light Pole
Town Hall 1800x1800 Pit,SCAT Town Hall Pit,SCAT Town Hall Pit
Town Hall Complex,Electrical Services,Electrical
Town Hall Complex,Fire Services,Fire
Town Hall Complex,Fitout and Fittings,Fitout and Fittings
Town Hall Complex,Hydraulic Services,Hydraulics
Town Hall Complex,Mechanical Services,Mechanical
Town Hall Complex,Roof Structure,Roof
Town Hall Complex,Structure,Main
Town Hall Complex,Technology,Technology
Town Hall Complex,Vertical Transport Services,Transport Service
Traffic Control Boxes,Main,Main
Traffic Lantern Assembly,Bike Traffic Lantern - 1 LED,Bike Traffic Lantern - 1 LED
Traffic Lantern Assembly,Bike Traffic Lantern - 2 LED,Bike Traffic Lantern - 2 LED
Traffic Lantern Assembly,Bike Traffic Lantern - 3 LED,Bike Traffic Lantern - 3 LED
Traffic Lantern Assembly,Bus Traffic Lantern - 1 LED,Bus Traffic Lantern - 1 LED
Traffic Lantern Assembly,Bus Traffic Lantern - 2 LED,Bus Traffic Lantern - 2 LED
Traffic Lantern Assembly,Bus Traffic Lantern - 3 LED,Bus Traffic Lantern - 3 LED
Traffic Lantern Assembly,Car Arrow Traffic Lantern - 1 LED,Car Arrow Traffic Lantern - 1 LED
Traffic Lantern Assembly,Car Arrow Traffic Lantern - 2 LED,Car Arrow Traffic Lantern - 2 LED
Traffic Lantern Assembly,Car Arrow Traffic Lantern - 3 LED,Car Arrow Traffic Lantern - 3 LED
Traffic Lantern Assembly,Car Traffic Lantern - 2 LED,Car Traffic Lantern - 2 LED
Traffic Lantern Assembly,Car Traffic Lantern - 3 LED,Car Traffic Lantern - 3 LED
Traffic Lantern Assembly,Koala Crossing Lights,Koala Crossing Lights
Traffic Lantern Assembly,L2-Pedestrian with Count Down Timer - 2 LED,Pedestrian with Count Down Timer - 2 LED
Traffic Lantern Assembly,No Right Turn Lantern - 1 LED,No Right Turn Lantern - 1 LED
Traffic Lantern Assembly,Pedestrian - 2 LED,Pedestrian - 2 LED
Traffic Lantern Assembly,Pedestrian with Count Down Timer - 2 LED,Pedestrian with Count Down Timer - 2 LED
Traffic Lantern Assembly,Tram Traffic Lantern - 1 LED,Tram Traffic Lantern - 1 LED
Traffic Lantern Assembly,Tram Traffic Lantern - 2 LED,Tram Traffic Lantern - 2 LED
Traffic Lantern Assembly,Tram Traffic Lantern - 3 LED,Tram Traffic Lantern - 3 LED
Traffic Signal Controller,TS Controller,TS Controller
Traffic Signal Controller MSB Pod,TS Controller,TS Controller
Traffic Signal Controller with Top Box RU07,Controller Main,Main
Traffic Signal Controller with Top Box RU07,Top Box,Ancillary
Traffic Signal Controller with Top Box RU07,TS Controller,TS Controller
Traffic Signal Controller with Top Box RU07,TS Top Box RU07,TS Top Box RU07
Traffic Signal Controller with Top Box RU07,Z0131_WIP,Main
Traffic Signal Controller with Top Box RU11,CCTV,Ancillary
Traffic Signal Controller with Top Box RU11,Controller Main,Main
Traffic Signal Controller with Top Box RU11,Top Box,Ancillary
Traffic Signal Controller with Top Box RU11,TS Controller,TS Controller
Traffic Signal Controller with Top Box RU11,TS Top Box RU11,TS Top Box RU11
Traffic Signal Controller with Top Box RU11,Z0132_WIP,Main
Traffic Signal Controller with Top Box RU11,Z0133_WIP,Main
Traffic Signal Controller with Top Box RU11,Z0431_WIP,Main
Traffic Signal Controller with Top Box RU11,Z2034_WIP,Main
Traffic Signal Controller with Top Box RU11,Z2038_WIP,Main
Traffic Signal Controller with Top Box RU11,Z2039_WIP,Main
Trailer,Major Plant Main,Main
Tram Detector-Induction,Detector Loop,Detector Loop
Tram Site Loop Pit,Pit Main,Main
Tree Bud Light,Bud Lighting,Main
Tree Bud Light,Luminaire,Luminaire
Tree Bud Light,Pole,Main
Tree Bud Light,Primary Luminaire,Luminaire
Tree Bud Light,Tree Bud Light,Tree Bud Light
Tree Inlet,Tree Inlet Main,Main
Tree Surround,Kerb Main,Main
Trench Drain,Stormwater Drain Main,Main
Truck,Heavy Fleet Main,Main
Truck - Compactor,Heavy Fleet Main,Main
Truck - Crane,Heavy Fleet Main,Main
Truck - EWP,Heavy Fleet Main,Main
Tyre Pump,Bike Rack Main,Main
U Shape,Bike Rack Main,Main
U-Shape,Culvert Main,Main
Unidentified,CCTV Cable and Conduit,Main
Unidentified,CCTV Camera,Main
Unidentified,Pole,Main
Uniterrupted Power Supply,Main,Main
Unsealed Rubble Pavement,03 Base Course,03 Base Course
Upark Buildings,Electrical Services,Electrical
Upark Buildings,Fire Services,Fire
Upark Buildings,Fitout and Fittings,Fitout and Fittings
Upark Buildings,Hydraulic Services,Hydraulics
Upark Buildings,Mechanical Services,Mechanical
Upark Buildings,Roof Structure,Roof
Upark Buildings,Structure,Main
Upark Buildings,Technology,Technology
Upark Buildings,Vertical Transport Services,Transport Service
Uplight,LE Luminaire,LE Luminaire
Uplight,LE Luminaire Cable,LE Luminaire Cable
Uplight,LE Luminaire Conduit,LE Luminaire Conduit
Urban Plinth,Custom Sign Main,Main
Ute,Light Fleet Main,Main
Utility Vehicle,Light Fleet Main,Main
Valve,Valve Main,Main
Van,Light Fleet Main,Main
Vehicle Detector-Flir,Detector Loop,Detector Loop
Vehicle Detector-Induction,Detector Loop,Detector Loop
Vehicle Detector-Patriot,Detector Loop,Detector Loop
Vehicular Entry Sign,Custom Sign Main,Main
Venue,Main,Main
Wall Light,LE Luminaire,LE Luminaire
Wall Light,LE Luminaire Cable,LE Luminaire Cable
Wall Light - Adelaide Bridge,LE Luminaire,LE Luminaire
Wall Light - Adelaide Bridge,LE Luminaire Cable,LE Luminaire Cable
Wash Down Tap,Wash Down Tap Main,Main
Water Feature,Artwork Lighting Main,Main
Water Feature,Concrete Base,Main
Water Feature,Pond Liner,Main
Water Feature,Water Feature Main,Main
Water Meter,Meter Main,Main
Water Play,Concrete Base,Main
Window,Archives Main,Main
Wireless Access Point,Main,Main
Wireless Hotspot,Main,Main
Wood Chipper,Major Plant Main,Main
Workshop Equipment,Miscellaneous Main,Main
Workstation,Main,Main
Zinc,Planter Box Main,Main
Zip Line,Playground Equipment Main,Main
